NOMBRE,TELEFONO,CORREO,IDRESTAURANTE
"Marijn Salack", "833-314-2801", "msalack0@intel.com", 2
"Karry Ramshay", "248-217-0982", "kramshay1@engadget.com", 2
"Serge Cowdray", "602-127-6829", "scowdray2@booking.com", 6
"Joseph Soden", "582-956-5772", "jsoden3@vimeo.com", 10
"Nestor Mapham", "939-190-4158", "nmapham4@hc360.com", 6
"Georgia Doonican", "774-523-2081", "gdoonican5@bloglovin.com", 3
"Henri Cranstone", "931-325-4309", "hcranstone6@nydailynews.com", 5
"Kippar Mighele", "937-677-0111", "kmighele7@qq.com", 5
"Cully Broom", "599-522-3766", "cbroom8@webnode.com", 5
"Nobe Carluccio", "448-792-0889", "ncarluccio9@youtube.com", 2
"Davina Huskinson", "174-385-6156", "dhuskinsona@godaddy.com", 2
"Abelard Burds", "601-830-5414", "aburdsb@toplist.cz", 7
"Packston O'Dreain", "799-362-1132", "podreainc@dot.gov", 1
"Fawne Kew", "795-463-9801", "fkewd@adobe.com", 9
"Charmane Stokell", "874-763-7174", "cstokelle@smugmug.com", 2
"Maurizio Grigoriev", "374-432-8071", "mgrigorievf@tinyurl.com", 2
"Quent Edgeson", "251-952-3110", "qedgesong@cocolog-nifty.com", 4
"Leone Woller", "160-695-2487", "lwollerh@sfgate.com", 8
"Roanna Lidster", "799-407-8128", "rlidsteri@canalblog.com", 6
"Ginny Thom", "440-800-6318", "gthomj@ovh.net", 6
"Sapphira Coper", "687-668-0308", "scoperk@artisteer.com", 3
"Nicholle Congram", "999-421-0762", "ncongraml@pbs.org", 2
"Sigfried Leisman", "928-773-4727", "sleismanm@mysql.com", 7
"Alano Gration", "186-255-4156", "agrationn@java.com", 5
"Waldemar Blatherwick", "816-635-3293", "wblatherwicko@sun.com", 5
"Gabbie Foote", "131-431-2059", "gfootep@ustream.tv", 3
"Jacinta Jager", "808-529-5864", "jjagerq@sitemeter.com", 1
"Cullin Renachowski", "998-549-5802", "crenachowskir@pbs.org", 6
"Cory Tickel", "263-641-5219", "ctickels@ibm.com", 2
"Nikolaos Mingay", "255-386-5638", "nmingayt@digg.com", 9
"Randell Slamaker", "261-668-9560", "rslamakeru@moonfruit.com", 2
"Adrian Corriea", "473-289-1530", "acorrieav@bandcamp.com", 6
"Stanton Nicholes", "340-187-7262", "snicholesw@slashdot.org", 5
"Darcie Furber", "263-530-8244", "dfurberx@state.tx.us", 3
"Basia Palumbo", "473-697-5532", "bpalumboy@gizmodo.com", 5
"Jessy Coppard", "766-750-2996", "jcoppardz@tmall.com", 4
"Burl Ygoe", "258-362-0677", "bygoe10@aol.com", 2
"Merlina Giddens", "205-853-9370", "mgiddens11@ucoz.ru", 6
"Amery Braund", "561-259-6627", "abraund12@usatoday.com", 9
"Freeland Beardow", "311-565-5143", "fbeardow13@thetimes.co.uk", 2
"Esmaria Foro", "920-224-8608", "eforo14@cnbc.com", 9
"Anitra Brearty", "614-246-4274", "abrearty15@engadget.com", 3
"Simone Mesnard", "202-308-6461", "smesnard16@cloudflare.com", 3
"Luce Rivett", "612-997-2237", "lrivett17@pagesperso-orange.fr", 10
"Jedidiah Cattini", "691-370-8179", "jcattini18@aboutads.info", 2
"Terra Belfit", "671-334-2917", "tbelfit19@scientificamerican.com", 1
"Abbe Bollom", "954-692-6834", "abollom1a@google.com.hk", 10
"Rheta Marton", "156-642-7800", "rmarton1b@pagesperso-orange.fr", 9
"Legra Sewell", "100-287-5696", "lsewell1c@google.co.uk", 6
"Reiko Summerson", "432-220-3629", "rsummerson1d@odnoklassniki.ru", 1
"Lanie Wornham", "965-574-9061", "lwornham1e@ihg.com", 3
"Dory Hinckes", "886-731-0485", "dhinckes1f@lulu.com", 6
"Janel Clackers", "306-755-8679", "jclackers1g@chicagotribune.com", 8
"Beck Purple", "129-592-8706", "bpurple1h@weather.com", 7
"Allard Agent", "336-122-2270", "aagent1i@bluehost.com", 9
"Kinnie Morford", "665-508-0158", "kmorford1j@telegraph.co.uk", 4
"Theodoric Eck", "537-752-7268", "teck1k@google.ca", 3
"Jourdain Bluck", "711-996-4619", "jbluck1l@sfgate.com", 3
"Linn Scardafield", "690-572-6273", "lscardafield1m@bloglines.com", 10
"Georgeanne Bowdrey", "834-835-9514", "gbowdrey1n@woothemes.com", 4
"Raymund Growy", "752-536-5691", "rgrowy1o@vk.com", 10
"Brandie Donalson", "156-692-4219", "bdonalson1p@hibu.com", 4
"Alys Donisi", "469-368-6296", "adonisi1q@canalblog.com", 2
"Thurstan Henrot", "615-163-3944", "thenrot1r@dagondesign.com", 5
"Shane Fochs", "976-758-1389", "sfochs1s@plala.or.jp", 5
"Cly Tremblet", "271-558-2229", "ctremblet1t@cisco.com", 5
"Carola Cartwright", "652-874-6443", "ccartwright1u@plala.or.jp", 5
"Finlay Baldacchi", "337-486-0058", "fbaldacchi1v@i2i.jp", 2
"Elbert Yushkin", "843-758-6036", "eyushkin1w@hud.gov", 8
"Kermit Muckersie", "897-910-6898", "kmuckersie1x@google.es", 1
"Maxi Grummitt", "804-202-1522", "mgrummitt1y@weather.com", 4
"Emmy McSperron", "611-989-3708", "emcsperron1z@google.ru", 1
"Benton Greg", "404-429-1295", "bgreg20@blogger.com", 10
"Dunn Godbald", "933-793-9578", "dgodbald21@sphinn.com", 6
"Willdon Darwen", "101-240-3137", "wdarwen22@discovery.com", 1
"Yuri Pellington", "651-368-1838", "ypellington23@vk.com", 2
"Lib Doughton", "896-361-9377", "ldoughton24@umn.edu", 9
"Minor De Minico", "107-713-6373", "mde25@sohu.com", 7
"Dalis Bonifas", "528-828-1107", "dbonifas26@nydailynews.com", 8
"Yevette Haydney", "237-126-9006", "yhaydney27@dyndns.org", 5
"Chickie Galego", "335-422-8221", "cgalego28@ycombinator.com", 8
"Isadora Maden", "535-156-1517", "imaden29@tinypic.com", 4
"Cindi Marzellano", "734-556-2568", "cmarzellano2a@addtoany.com", 7
"Benny Tschierse", "656-617-1854", "btschierse2b@unc.edu", 7
"Berny Creaser", "775-187-2206", "bcreaser2c@liveinternet.ru", 5
"Dalila Murcott", "460-415-5338", "dmurcott2d@usgs.gov", 1
"Deeanne Huggon", "538-336-0772", "dhuggon2e@wsj.com", 2
"Tomasine Meddings", "916-630-0732", "tmeddings2f@mail.ru", 6
"Ky Heigho", "801-284-7677", "kheigho2g@drupal.org", 5
"Adrianna O'Cooney", "969-885-6046", "aocooney2h@blogtalkradio.com", 7
"Gaston Planque", "605-435-4885", "gplanque2i@baidu.com", 3
"Nike Klosges", "422-113-9337", "nklosges2j@digg.com", 7
"Lammond Wanek", "553-850-9136", "lwanek2k@microsoft.com", 6
"Gaven Mellon", "322-996-3242", "gmellon2l@google.com.hk", 6
"Dari Taffrey", "621-618-9954", "dtaffrey2m@examiner.com", 1
"Ketti Bafford", "804-618-2717", "kbafford2n@wiley.com", 4
"Ekaterina Apthorpe", "304-812-7217", "eapthorpe2o@usatoday.com", 7
"Mersey Bauchop", "665-574-3091", "mbauchop2p@forbes.com", 10
"Lombard D'Oyley", "358-577-4933", "ldoyley2q@ovh.net", 9
"Natty Gatenby", "845-504-6526", "ngatenby2r@google.ru", 1